<?xml version="1.0" encoding="UTF-8"?>
<project-private xmlns="http://www.netbeans.org/ns/project-private/1">
    <editor-bookmarks xmlns="http://www.netbeans.org/ns/editor-bookmarks/2" lastBookmarkId="0"/>
    <open-files xmlns="http://www.netbeans.org/ns/projectui-open-files/2">
        <group>
            <file>file:/C:/temp/LP2Proyects/JAVA/Diablo_xv/src/Controlador/Juego.java</file>
            <file>file:/C:/temp/LP2Proyects/JAVA/Diablo_xv/src/Controlador/ViewInputController.java</file>
            <file>file:/C:/temp/LP2Proyects/JAVA/Diablo_xv/src/Vista/PeleaDialog.java</file>
            <file>file:/C:/temp/LP2Proyects/JAVA/Diablo_xv/src/Controlador/GestorLaberinto.java</file>
            <file>file:/C:/temp/LP2Proyects/JAVA/Diablo_xv/src/Vista/MapPanel.java</file>
            <file>file:/C:/temp/LP2Proyects/JAVA/Diablo_xv/src/Vista/InfoPanel.java</file>
        </group>
    </open-files>
</project-private>
