<ArregloEnemigosDisponibles>
	<Enemigo>
		<nombre>Bowser</nombre>
		<posX>-1</posX>
		<posY>-1</posY>
		<nivel>-1</nivel>
		<vidaActual>0</vidaActual>
		<vidaMaxima>0</vidaMaxima>
		<_elementoGrafico>E</_elementoGrafico>
		<ataque>0</ataque>
	</Enemigo>
	<Enemigo>
		<nombre>Inky</nombre>
		<posX>-1</posX>
		<posY>-1</posY>
		<nivel>-1</nivel>
		<vidaActual>0</vidaActual>
		<vidaMaxima>0</vidaMaxima>
		<_elementoGrafico>E</_elementoGrafico>
		<ataque>0</ataque>
	</Enemigo>	
	<Enemigo>
		<nombre>Ganon</nombre>
		<posX>-1</posX>
		<posY>-1</posY>
		<nivel>-1</nivel>
		<vidaActual>0</vidaActual>
		<vidaMaxima>0</vidaMaxima>
		<_elementoGrafico>E</_elementoGrafico>
		<ataque>0</ataque>
	</Enemigo>
	<Enemigo>
		<nombre>Gary</nombre>
		<posX>-1</posX>
		<posY>-1</posY>
		<nivel>-1</nivel>
		<vidaActual>0</vidaActual>
		<vidaMaxima>0</vidaMaxima>
		<_elementoGrafico>E</_elementoGrafico>
		<ataque>0</ataque>
	</Enemigo>
	<Enemigo>
		<nombre>Creeper</nombre>
		<posX>-1</posX>
		<posY>-1</posY>
		<nivel>-1</nivel>
		<vidaActual>0</vidaActual>
		<vidaMaxima>0</vidaMaxima>
		<_elementoGrafico>E</_elementoGrafico>
		<ataque>0</ataque>
	</Enemigo>
	<Enemigo>
		<nombre>Vladimir Makarov</nombre>
		<posX>-1</posX>
		<posY>-1</posY>
		<nivel>-1</nivel>
		<vidaActual>0</vidaActual>
		<vidaMaxima>0</vidaMaxima>
		<_elementoGrafico>E</_elementoGrafico>
		<ataque>0</ataque>
	</Enemigo>
	<Enemigo>
		<nombre>M.Bison</nombre>
		<posX>-1</posX>
		<posY>-1</posY>
		<nivel>-1</nivel>
		<vidaActual>0</vidaActual>
		<vidaMaxima>0</vidaMaxima>
		<_elementoGrafico>E</_elementoGrafico>
		<ataque>0</ataque>
	</Enemigo>
	<Enemigo>
		<nombre>Zeus</nombre>
		<posX>-1</posX>
		<posY>-1</posY>
		<nivel>-1</nivel>
		<vidaActual>0</vidaActual>
		<vidaMaxima>0</vidaMaxima>
		<_elementoGrafico>E</_elementoGrafico>
		<ataque>0</ataque>
	</Enemigo>
	<Enemigo>
		<nombre>Darth Vader</nombre>
		<posX>-1</posX>
		<posY>-1</posY>
		<nivel>-1</nivel>
		<vidaActual>0</vidaActual>
		<vidaMaxima>0</vidaMaxima>
		<_elementoGrafico>E</_elementoGrafico>
		<ataque>0</ataque>
	</Enemigo>
	<Enemigo>
		<nombre>Xehanort</nombre>
		<posX>-1</posX>
		<posY>-1</posY>
		<nivel>-1</nivel>
		<vidaActual>0</vidaActual>
		<vidaMaxima>0</vidaMaxima>
		<_elementoGrafico>E</_elementoGrafico>
		<ataque>0</ataque>
	</Enemigo>
</ArregloEnemigosDisponibles>